Name,Slug,Collection ID,Item ID,Created On,Updated On,Published On,Description,Short Description,Main Image,Featured?,Type,Session Start,Session End,Presenter,Date,Discord Discussion Link
Alternative Collective Futures for the Internet,alternative-collective-futures-for-the-internet,63d1cb65192f1d47f0a41cd6,64470ac34255721446966593,Mon Apr 24 2023 23:03:31 GMT+0000 (Coordinated Universal Time),Tue May 23 2023 18:07:54 GMT+0000 (Coordinated Universal Time),Tue May 23 2023 18:08:03 GMT+0000 (Coordinated Universal Time),"<p id="""">Verses is a collective re-imagining the future of the web with participatory software artifacts. Its governance is experimental. This talk is about its work, and how experimentation in organizational structures is essential for the pluriversal world we dream of — different structures allow for different forms of creation (e.g. commons-based peer production). Participants will have a chance to share experiments they’ve conducted or witnessed.</p><p>‍</p><h4>Watch the full talk below:</h4><figure class=""w-richtext-figure-type-video w-richtext-align-fullwidth"" style=""padding-bottom:56.206088992974244%"" data-rt-type=""video"" data-rt-align=""fullwidth"" data-rt-max-width="""" data-rt-max-height=""56.206088992974244%"" data-rt-dimensions=""854:480"" data-page-url=""https://www.youtube.com/watch?v=foFzZ6VJ34w""><div><iframe allowfullscreen=""true"" frameborder=""0"" scrolling=""no"" src=""https://www.youtube.com/embed/foFzZ6VJ34w"" title=""Alternative Collective Futures For The Internet - Jasmine Wang""></iframe></div></figure>","Verses is a collective re-imagining the future of the web with participatory software artifacts. Its governance is experimental. This talk is about its work, and how experimentation in organizational structures is essential for the pluriversal world we dream of — different structures allow for different forms of creation (e.g. commons-based peer production). Participants will have a chance to share experiments they’ve conducted or witnessed.",,true,Talk,Tue Apr 25 2023 21:15:00 GMT+0000 (Coordinated Universal Time),Tue Apr 25 2023 21:30:00 GMT+0000 (Coordinated Universal Time),jasmine-wang,25th,https://discord.com/channels/1073278385750552596/1100384961762168903
Building humane user interfaces with language models,building-humane-user-interfaces-with-language-models,63d1cb65192f1d47f0a41cd6,6400973c7efc0c3937bcd37f,Thu Mar 02 2023 12:31:56 GMT+0000 (Coordinated Universal Time),Tue May 23 2023 20:00:58 GMT+0000 (Coordinated Universal Time),Tue May 23 2023 20:05:39 GMT+0000 (Coordinated Universal Time),"<p id="""">Large language models like ChatGPT have hit the mainstream, but most applications of today follow the same format: a text box. That's because we're currently in the ""MS DOS"" stage of interfaces for machine learning – creating interfaces which conform to the shape of the system, not the shape of the human on the other end. This talk explores how AI might help us radically re-think our interaction with computers from the ground up, as the GUI did to command-line computing.</p><p>‍</p><h4>Watch the full talk below:</h4><figure class=""w-richtext-figure-type-video w-richtext-align-fullwidth"" style=""padding-bottom:56.206088992974244%"" data-rt-type=""video"" data-rt-align=""fullwidth"" data-rt-max-width="""" data-rt-max-height=""56.206088992974244%"" data-rt-dimensions=""854:480"" data-page-url=""https://youtu.be/kqFNjIBdXAc""><div><iframe allowfullscreen=""true"" frameborder=""0"" scrolling=""no"" src=""https://www.youtube.com/embed/kqFNjIBdXAc"" title=""Building Humane User Interfaces With Language Models - Rupert Parry""></iframe></div></figure>","Large language models like ChatGPT have hit the mainstream, but most applications of today follow the same format: a text box. That's because we're currently in the ""MS DOS"" stage of interfaces for machine learning – creating interfaces which conform to the shape of the system, not the shape of the human on the other end. This talk explores how AI might help us radically re-think our interaction with computers from the ground up, as the GUI did to command-line computing.",,true,Talk,Tue Apr 25 2023 22:10:00 GMT+0000 (Coordinated Universal Time),Tue Apr 25 2023 22:40:00 GMT+0000 (Coordinated Universal Time),rupert-parry,25th,https://discord.com/channels/1073278385750552596/1088917017861558294
Condemned to Compute: How witnessing the last 20 years of computing tells me we’re going to be punished with at least another 20,condemned-to-compute-how-witnessing-the-last-20-years-of-computing-tells-me-were-going-to-be-punished-with-at-least-another-20,63d1cb65192f1d47f0a41cd6,640096b87fd7b29d327882f1,Thu Mar 02 2023 12:29:44 GMT+0000 (Coordinated Universal Time),Tue May 23 2023 20:01:32 GMT+0000 (Coordinated Universal Time),Tue May 23 2023 20:05:39 GMT+0000 (Coordinated Universal Time),"<p id="""">A father once misquoted a philosopher in telling his daughter that if she didn’t study history then she would be doomed to relive it; if we've learned anything about the tech industry, it's that we end up reliving it anyway. Join me, daughter of a mis-quoting father, as I go through the last 20 years of my computing career and envision the next 20 years through the framework of non-computing trend cycles and a universal agreement that everything I predict will come true.</p><p>‍</p><h4>Watch the full talk below:</h4><figure class=""w-richtext-figure-type-video w-richtext-align-fullwidth"" style=""padding-bottom:56.206088992974244%"" data-rt-type=""video"" data-rt-align=""fullwidth"" data-rt-max-width="""" data-rt-max-height=""56.206088992974244%"" data-rt-dimensions=""854:480"" data-page-url=""https://youtu.be/OfHQbdqeadk""><div><iframe allowfullscreen=""true"" frameborder=""0"" scrolling=""no"" src=""https://www.youtube.com/embed/OfHQbdqeadk"" title=""Condemned to Compute - Jenn Schiffer""></iframe></div></figure>","A father once misquoted a philosopher in telling his daughter that if she didn’t study history then she would be doomed to relive it; if we've learned anything about the tech industry, it's that we end up reliving it anyway. Join me, daughter of a mis-quoting father, as I go through the last 20 years of my computing career and envision the next 20 years through the framework of non-computing trend cycles and a universal agreement that everything I predict will come true.",,true,Talk,Wed Apr 26 2023 23:30:00 GMT+0000 (Coordinated Universal Time),Thu Apr 27 2023 00:30:00 GMT+0000 (Coordinated Universal Time),jenn-schiffer,26th,https://discord.com/channels/1073278385750552596/1089957110172876830
Crossing the river by feeling the stones,crossing-the-river-by-feeling-the-stones,63d1cb65192f1d47f0a41cd6,6411bf224f4a622dc390b8aa,Wed Mar 15 2023 12:50:42 GMT+0000 (Coordinated Universal Time),Tue May 23 2023 19:53:45 GMT+0000 (Coordinated Universal Time),Tue May 23 2023 20:05:39 GMT+0000 (Coordinated Universal Time),"<p id="""">We live in a competitive world. That competition forces change. It has always forced change. Change is normal. The question is not whether our organizations will change, that’s a given, but can we see this change before it hits us, do we know where we’re heading or are we simply floating aimlessly being carried by a river? It certainly feels that way sometimes.</p><p id="""">‍</p><p id="""">To answer the question we need to understand our landscape, the economic forces at play, the context we operate within and our situational awareness of this. Can we navigate the waters, can we see a storm coming or are we being battered by rocks because we refuse to look?</p><p id="""">‍</p><p id="""">During this talk we will examine the level of situational awareness within business and why it matters. We will focus in on the transformation in the IT industry, the rise of serverless and the future of conversational programming.</p><p>‍</p><h4>Watch the full talk below:</h4><figure class=""w-richtext-figure-type-video w-richtext-align-fullwidth"" style=""padding-bottom:56.206088992974244%"" data-rt-type=""video"" data-rt-align=""fullwidth"" data-rt-max-width="""" data-rt-max-height=""56.206088992974244%"" data-rt-dimensions=""854:480"" data-page-url=""https://youtu.be/5AgCLanGSak""><div><iframe allowfullscreen=""true"" frameborder=""0"" scrolling=""no"" src=""https://www.youtube.com/embed/5AgCLanGSak"" title=""Crossing the River by Feeling the Stones - Simon Wardley""></iframe></div></figure>","We live in a competitive world. That competition forces change. It has always forced change. Change is normal. The question is not whether our organizations will change, that’s a given, but can we see this change before it hits us, do we know where we’re heading or are we simply floating aimlessly being carried by a river? It certainly feels that way sometimes.",,true,Talk,Thu Apr 27 2023 17:00:00 GMT+0000 (Coordinated Universal Time),Thu Apr 27 2023 18:00:00 GMT+0000 (Coordinated Universal Time),simon-wardley,27th,https://discord.com/channels/1073278385750552596/1089960788896260238
Dynamic documents as personal software,dynamic-documents-as-personal-software,63d1cb65192f1d47f0a41cd6,6400979ea272fd097d68f872,Thu Mar 02 2023 12:33:34 GMT+0000 (Coordinated Universal Time),Tue May 23 2023 19:57:43 GMT+0000 (Coordinated Universal Time),Tue May 23 2023 20:05:39 GMT+0000 (Coordinated Universal Time),"<p id="""">Today, personal computing is organized around apps: prefabricated units of software developed by professionals for the masses. How might we reorient computing so that people can deeply tailor software to meet their unique needs?</p><p id="""">‍</p><p id="""">This talk presents Potluck, a research prototype that enables people to start with regular text documents and gradually enrich them into interactive tools for managing recipes, workouts, household chores, and more. I'll show how Potluck represents one step towards a broader vision of personal, malleable software tools that users can reconfigure on the fly.</p><p>‍</p><h4>Watch the full talk below:</h4><figure class=""w-richtext-figure-type-video w-richtext-align-fullwidth"" style=""padding-bottom:56.206088992974244%"" data-rt-type=""video"" data-rt-align=""fullwidth"" data-rt-max-width="""" data-rt-max-height=""56.206088992974244%"" data-rt-dimensions=""854:480"" data-page-url=""https://youtu.be/bJ3i4K3hefI""><div><iframe allowfullscreen=""true"" frameborder=""0"" scrolling=""no"" src=""https://www.youtube.com/embed/bJ3i4K3hefI"" title=""Dynamic documents as personal software - Geoffrey Litt""></iframe></div></figure>","Today, personal computing is organized around apps: prefabricated units of software developed by professionals for the masses. How might we reorient computing so that people can deeply tailor software to meet their unique needs?‍ This talk presents Potluck, a research prototype that enables people to start with regular text documents and gradually enrich them into interactive tools for managing recipes, workouts, household chores, and more. I'll show how Potluck represents one step towards a broader vision of personal, malleable software tools that users can reconfigure on the fly.",,true,Talk,Tue Apr 25 2023 23:10:00 GMT+0000 (Coordinated Universal Time),Wed Apr 26 2023 00:00:00 GMT+0000 (Coordinated Universal Time),geoffrey-litt,25th,https://discord.com/channels/1073278385750552596/1088919270332825731
Fission ODD SDK Workshop,fission-odd-sdk-workshop,63d1cb65192f1d47f0a41cd6,64477416be53ba8278984e59,Tue Apr 25 2023 06:32:54 GMT+0000 (Coordinated Universal Time),Tue May 23 2023 12:59:42 GMT+0000 (Coordinated Universal Time),Tue May 23 2023 13:00:15 GMT+0000 (Coordinated Universal Time),"<p id="""">During the Fission workshop we'll build a web app to search and collect integer sequences from the On-line Encyclopedia of Integer Sequences (<a href=""https://oeis.org/"" target=""_blank"" id="""">https://oeis.org/</a>).</p><p>‍</p><p id="""">The app will use the Fission <a href=""http://odd.dev"" id="""">ODD SDK</a> to store sequences both locally and on IPFS.We've prepared this workshop to be accessible for a wide range of skill levels. We encourage you to come and join us, even if you don't write code in your day-to-day. We do have one ask. You will need node, git, and a code editor installed on your laptop. We ask that you install these before the workshop.</p><p>‍</p><p id="""">See the Preparation section of this post for more details: <a href=""https://github.com/oddsdk/odd-app-template/discussions/124"" target=""_blank"" id="""">https://github.com/oddsdk/odd-app-template/discussions/124</a></p><p id="""">‍</p>",We'll use ODD SDK build a web app to search and collect integer sequences from the On-line Encyclopedia of Integer Sequences.,,false,Workshop,Tue Apr 25 2023 20:30:00 GMT+0000 (Coordinated Universal Time),,brian; james-walker,25th,
Holistic Local First Software On The P2P Web,holistic-local-first-software-on-the-p2p-web,63d1cb65192f1d47f0a41cd6,64110f95351c8fc233bf7eb5,Wed Mar 15 2023 00:21:41 GMT+0000 (Coordinated Universal Time),Tue May 23 2023 19:56:24 GMT+0000 (Coordinated Universal Time),Tue May 23 2023 20:05:39 GMT+0000 (Coordinated Universal Time),"<p id="""">This talk will cover how peer to peer protocols, mesh networks, cooperative governance and the web can be combined together to form a new foundation for how technology can serve communities.</p><p>‍</p><h4>Watch the full talk below:</h4><figure class=""w-richtext-figure-type-video w-richtext-align-fullwidth"" style=""padding-bottom:56.206088992974244%"" data-rt-type=""video"" data-rt-align=""fullwidth"" data-rt-max-width="""" data-rt-max-height=""56.206088992974244%"" data-rt-dimensions=""854:480"" data-page-url=""https://youtu.be/rSvj_NQ5rho""><div><iframe allowfullscreen=""true"" frameborder=""0"" scrolling=""no"" src=""https://www.youtube.com/embed/rSvj_NQ5rho"" title=""Holistic Local First Software On The P2P Web - Mauve""></iframe></div></figure>","This talk will cover how peer to peer protocols, mesh networks, cooperative governance and the web can be combined together to form a new foundation for how technology can serve communities.",,true,Talk,Tue Apr 25 2023 22:40:00 GMT+0000 (Coordinated Universal Time),Tue Apr 25 2023 23:10:00 GMT+0000 (Coordinated Universal Time),mauve,25th,https://discord.com/channels/1073278385750552596/1088917851466907738
How To Write A Joke That Will Still Be Funny In Two Thousand Years,how-to-write-a-joke-that-will-still-be-funny-in-two-thousand-years,63d1cb65192f1d47f0a41cd6,640095f760e14057e161259f,Thu Mar 02 2023 12:26:31 GMT+0000 (Coordinated Universal Time),Tue May 23 2023 20:02:40 GMT+0000 (Coordinated Universal Time),Tue May 23 2023 20:05:39 GMT+0000 (Coordinated Universal Time),"<p id="""">I come from a centuries-old village, that is part of a millennia-old culture, that is nestled within a million-year-old mountain range on the western coast of The Levant. I am stressed out that the Macromedia Flash games I made as a teenager no longer run after twenty short years.</p><p id="""">‍</p><p id="""">Building systems that are long-lived and useful is hard to do, but I worry we’ve stopped trying. Or, worse, that we’ve never really been able to try at all. In the face of accelerating climate collapse and a rapidly destabilizing world the stakes for the future of computing and what it could offer humanity have never been higher. Yet all around us is planned obsolescence, short-term thinking, brittleness, ephemerality, waste. We intuit that a better world is possible, yet simultaneously seem trapped by, to quote the late Joe Armstrong, “The Mess We’re In” without understanding why.</p><p id="""">‍</p><p id="""">I’ve spent the past few years researching the cultural baggage of computing and organizing alternative models of software labor. This talk builds on that experience to explore what a robust and sustainable future of our craft might look like and steps we can take in those directions today. We’ll look outside the industry and its established schools of thought to begin to appreciate exactly why such a future is so hard to build, what forces constrain and direct our action and imagination, and what we have to change about ourselves and our world in order to transcend.</p><p>‍</p><h4>Watch the full talk below:</h4><figure class=""w-richtext-figure-type-video w-richtext-align-fullwidth"" style=""padding-bottom:56.206088992974244%"" data-rt-type=""video"" data-rt-align=""fullwidth"" data-rt-max-width="""" data-rt-max-height=""56.206088992974244%"" data-rt-dimensions=""854:480"" data-page-url=""https://youtu.be/3DZTjOsioSA""><div><iframe allowfullscreen=""true"" frameborder=""0"" scrolling=""no"" src=""https://www.youtube.com/embed/3DZTjOsioSA"" title=""How To Write A Joke That Will Still Be Funny In Two Thousand Years - Ramsey Nasser""></iframe></div></figure>","I’ve spent the past few years researching the cultural baggage of computing and organizing alternative models of software labor. This talk builds on that experience to explore what a robust and sustainable future of our craft might look like and steps we can take in those directions today. We’ll look outside the industry and its established schools of thought to begin to appreciate exactly why such a future is so hard to build, what forces constrain and direct our action and imagination, and what we have to change about ourselves and our world in order to transcend.",,true,Talk,Thu Apr 27 2023 22:30:00 GMT+0000 (Coordinated Universal Time),Thu Apr 27 2023 23:30:00 GMT+0000 (Coordinated Universal Time),ramsey-nasser,27th,https://discord.com/channels/1073278385750552596/1089970398185144481
Idris 2: Quantitative Types in Action,idris-2-quantitative-types-in-action,63d1cb65192f1d47f0a41cd6,6411721c8fed60beeba1d7aa,Wed Mar 15 2023 07:22:04 GMT+0000 (Coordinated Universal Time),Tue May 23 2023 19:54:17 GMT+0000 (Coordinated Universal Time),Tue May 23 2023 20:05:39 GMT+0000 (Coordinated Universal Time),"<p id="""">Idris is a functional programming language with first-class types, which means that properties can be stated and verified at compile time. It encourages interactive type-driven development, so that programming becomes a conversation with the machine. We have recently been implementing a new version, Idris 2, with a new core language based on Quantitative Type Theory (QTT). Idris 2 therefore supports linear types, allowing programmers to be precise not only about *what* a program can do, but also *when* it is allowed to do it.</p><p id="""">‍</p><p id="""">In this talk I will cover recent developments in Idris 2. In particular, I will describe how the quantities in the type system give a new level of expressivity, and show how these can be used to implement state machines, communicating systems, and verify their properties, interactively.</p><p>‍</p><p>Watch the full talk below:</p><figure class=""w-richtext-figure-type-video w-richtext-align-fullwidth"" style=""padding-bottom:56.206088992974244%"" data-rt-type=""video"" data-rt-align=""fullwidth"" data-rt-max-width="""" data-rt-max-height=""56.206088992974244%"" data-rt-dimensions=""854:480"" data-page-url=""https://youtu.be/0uA-tKR6Ah4""><div><iframe allowfullscreen=""true"" frameborder=""0"" scrolling=""no"" src=""https://www.youtube.com/embed/0uA-tKR6Ah4"" title=""Idris 2: Quantitative Types in Action - Edwin Brady""></iframe></div></figure>","In this talk I will cover recent developments in Idris 2. In particular, I will describe how the quantities in the type system give a new level of expressivity, and show how these can be used to implement state machines, communicating systems, and verify their properties, interactively.",,true,Talk,Wed Apr 26 2023 21:00:00 GMT+0000 (Coordinated Universal Time),Wed Apr 26 2023 22:00:00 GMT+0000 (Coordinated Universal Time),edwin-brady,26th,https://discord.com/channels/1073278385750552596/1088924894672195655
Indigitalization: Indigenous Computing Theory,indigitalization-indigenous-computing-theory,63d1cb65192f1d47f0a41cd6,63f678732b2aa13c4a829aa3,Wed Feb 22 2023 20:17:55 GMT+0000 (Coordinated Universal Time),Tue May 23 2023 20:04:06 GMT+0000 (Coordinated Universal Time),Tue May 23 2023 20:05:39 GMT+0000 (Coordinated Universal Time),"<p id="""">This presentation explores how Indigenous cultural knowledge can be used as a framework for computing science and computer programming. First, this conversation introduces decolonial computing and some of the problems with “culture-agnostic” or “culture-neutral” computing initiatives. It then proposes an Indigenization of computer science to disrupt established western design principles in computing by focusing on culturally-specific interfacing in digital technologies and computer programming.</p><p id="""">‍</p><p id="""">Specifically, this presentation uses examples from a Plains Cree (nehiyaw) worldview to Indigenize computing theory for software and hardware development that make technologies more culturally relevant, inclusive, accessible, and fair for everyone.</p><p>‍</p><h4>Watch the full talk below:</h4><figure class=""w-richtext-figure-type-video w-richtext-align-fullwidth"" style=""padding-bottom:56.206088992974244%"" data-rt-type=""video"" data-rt-align=""fullwidth"" data-rt-max-width="""" data-rt-max-height=""56.206088992974244%"" data-rt-dimensions=""854:480"" data-page-url=""https://youtu.be/SWVLwxwcl1Q""><div><iframe allowfullscreen=""true"" frameborder=""0"" scrolling=""no"" src=""https://www.youtube.com/embed/SWVLwxwcl1Q"" title=""Indigitalization: Indigenous Computing Theory - Jon Corbett""></iframe></div></figure>","This presentation explores how Indigenous cultural knowledge can be used as a framework for computing science and computer programming. First, this conversation introduces decolonial computing and some of the problems with “culture-agnostic” or “culture-neutral” computing initiatives. It then proposes an Indigenization of computer science to disrupt established western design principles in computing by focusing on culturally-specific interfacing in digital technologies and computer programming. Specifically, this presentation uses examples from a Plains Cree (nehiyaw) worldview to Indigenize computing theory for software and hardware development that make technologies more culturally relevant, inclusive, accessible, and fair for everyone.",,true,Talk,Thu Apr 27 2023 21:00:00 GMT+0000 (Coordinated Universal Time),Thu Apr 27 2023 22:00:00 GMT+0000 (Coordinated Universal Time),jon-corbett,27th,https://discord.com/channels/1073278385750552596/1089968013903663156
Noosphere Workshop,noosphere-workshop,63d1cb65192f1d47f0a41cd6,63f677796a8eac8c308ac780,Wed Feb 22 2023 20:13:45 GMT+0000 (Coordinated Universal Time),Tue Apr 04 2023 00:13:22 GMT+0000 (Coordinated Universal Time),,"<p id="""">Noosphere, like its namesake, is a worldwide medium for thinking together. We like to think of it as a protocol for thought. Noosphere is the foundational protocol that the Subconscious app builds upon to enable an open-ended, permissionless multiplayer experience.</p>","Noosphere, like its namesake, is a worldwide medium for thinking together. We like to think of it as a protocol for thought. Noosphere is the foundational protocol that the Subconscious app builds upon to enable an open-ended, permissionless multiplayer experience.",,false,Workshop,Tue Apr 25 2023 20:00:00 GMT+0000 (Coordinated Universal Time),Tue Apr 25 2023 21:30:00 GMT+0000 (Coordinated Universal Time),,25th,
Programming Before You Program,programming-before-you-program,63d1cb65192f1d47f0a41cd6,63f67836a568396c7f94d678,Wed Feb 22 2023 20:16:54 GMT+0000 (Coordinated Universal Time),Thu Jun 01 2023 21:12:57 GMT+0000 (Coordinated Universal Time),Wed Jul 19 2023 18:18:10 GMT+0000 (Coordinated Universal Time),"<p id="""">Programming education, seemingly obviously, focuses on the writing of programs. But when novices struggle with programming, a lot of their difficulty is not with the program per se. What else is there? What do we know about it? And how can we make their experience better? This talk summarizes computing education research that asks and answers these questions.</p><p>‍</p><h4 id="""">Watch the full talk below:</h4><figure id="""" class=""w-richtext-figure-type-video w-richtext-align-fullwidth"" style=""padding-bottom:56.206088992974244%"" data-rt-type=""video"" data-rt-align=""fullwidth"" data-rt-max-width="""" data-rt-max-height=""56.206088992974244%"" data-rt-dimensions=""854:480"" data-page-url=""https://youtu.be/icx-kUgWZ00""><div id=""""><iframe allowfullscreen=""true"" frameborder=""0"" scrolling=""no"" src=""https://www.youtube.com/embed/icx-kUgWZ00"" title=""""></iframe></div></figure>","Programming education, seemingly obviously, focuses on the writing of programs. But when novices struggle with programming, a lot of their difficulty is not with the program per se. What else is there? What do we know about it? And how can we make their experience better? This talk summarizes computing education research that asks and answers these questions.",,true,Talk,Wed Apr 26 2023 17:00:00 GMT+0000 (Coordinated Universal Time),Wed Apr 26 2023 18:00:00 GMT+0000 (Coordinated Universal Time),shriram-krishnamurthi,26th,https://discord.com/channels/1073278385750552596/1088920471522783262
Querying Decentralized Data in Rhizomatic Systems,querying-decentralized-data-in-rhizomatic-systems,63d1cb65192f1d47f0a41cd6,63f683130731b41a6765959b,Wed Feb 22 2023 21:03:15 GMT+0000 (Coordinated Universal Time),Tue May 23 2023 20:03:31 GMT+0000 (Coordinated Universal Time),Tue May 23 2023 20:05:39 GMT+0000 (Coordinated Universal Time),"<p id="""">Shifting storage and compute toward the far edge reflects an extreme departure from traditional cloud-based architectures, bringing with that shift a new set of challenges for application developers. Rhizome is a decentralized database for InterPlanetary Linked Data that embraces these challenges to open up new ways of thinking about consistency, interoperability, and privacy.</p><p id="""">‍</p><p id="""">This talk introduces the ideas underpinning Rhizome, and demonstrates how they come together to empower developers to build and reason about new types of peer-to-peer and decentralized applications.</p><p>‍</p><h4>Watch the full talk below:</h4><figure class=""w-richtext-figure-type-video w-richtext-align-fullwidth"" style=""padding-bottom:56.206088992974244%"" data-rt-type=""video"" data-rt-align=""fullwidth"" data-rt-max-width="""" data-rt-max-height=""56.206088992974244%"" data-rt-dimensions=""854:480"" data-page-url=""https://youtu.be/vkMXbk7Pn_M""><div><iframe allowfullscreen=""true"" frameborder=""0"" scrolling=""no"" src=""https://www.youtube.com/embed/vkMXbk7Pn_M"" title=""Querying Decentralized Data in Rhizomatic Systems - Quinn Wilton""></iframe></div></figure>","Shifting storage and compute toward the far edge reflects an extreme departure from traditional cloud-based architectures, bringing with that shift a new set of challenges for application developers. Rhizome is a decentralized database for InterPlanetary Linked Data that embraces these challenges to open up new ways of thinking about consistency, interoperability, and privacy. This talk introduces the ideas underpinning Rhizome, and demonstrates how they come together to empower developers to build and reason about new types of peer-to-peer and decentralized applications.",,true,Talk,Thu Apr 27 2023 20:00:00 GMT+0000 (Coordinated Universal Time),Thu Apr 27 2023 21:00:00 GMT+0000 (Coordinated Universal Time),quinn-wilton,27th,https://discord.com/channels/1073278385750552596/1089962162488881303
Seamless Services for an Open World,seamless-services-for-an-open-world,63d1cb65192f1d47f0a41cd6,6402658ba2b65369723ad208,Fri Mar 03 2023 21:24:27 GMT+0000 (Coordinated Universal Time),Tue May 23 2023 19:57:01 GMT+0000 (Coordinated Universal Time),Tue May 23 2023 20:05:39 GMT+0000 (Coordinated Universal Time),"<p id="""">The advent of TCP/IP and the web produced an explosion of innovation by radically lowering the barrier to entry to connect over the network. Thanks to new technical and social innovations, we now have the building blocks for the next generation of open services: location-free verifiable data and computation.</p><p id="""">‍</p><p id="""">Verifiable computation opens the door to content addressed function invocations, results, and workflows. This radically lowers the complexity of historical architectures (e.g. the LAMP stack), networked, and distributed systems. Not only is this easier to reason about, it also (paradoxically) enables superlinear scaling: the more it gets used, the more efficient it becomes!</p><p id="""">‍</p><p id="""">This talk presents UCAN Invocations and the Interplanetary VM (IPVM). Code in this model is capable of running anywhere (even offline), respects data privacy, and services interoperate seamlessly out of the box without pre-negotiation. Since computation doesn't happen in a vacuum, we will also describe how the workflow planner interacts with existing services, and how to lift them into this seamless paradigm.</p><p>‍</p><h4>Watch the full talk below:</h4><figure class=""w-richtext-figure-type-video w-richtext-align-fullwidth"" style=""padding-bottom:56.206088992974244%"" data-rt-type=""video"" data-rt-align=""fullwidth"" data-rt-max-width="""" data-rt-max-height=""56.206088992974244%"" data-rt-dimensions=""854:480"" data-page-url=""https://youtu.be/Kr3B3sXh_VA""><div><iframe allowfullscreen=""true"" frameborder=""0"" scrolling=""no"" src=""https://www.youtube.com/embed/Kr3B3sXh_VA"" title=""Seamless Services for an Open World - Brooklyn Zelenka""></iframe></div></figure>","This talk presents UCAN Invocations and the Interplanetary VM (IPVM). Code in this model is capable of running anywhere (even offline), respects data privacy, and services interoperate seamlessly out of the box without pre-negotiation. Since computation doesn't happen in a vacuum, we will also describe how the workflow planner interacts with existing services, and how to lift them into this seamless paradigm.",,true,Talk,Wed Apr 26 2023 18:00:00 GMT+0000 (Coordinated Universal Time),Wed Apr 26 2023 19:00:00 GMT+0000 (Coordinated Universal Time),brooklyn-zelenka,26th,https://discord.com/channels/1073278385750552596/1088921489140625499
Softmax,softmax,63d1cb65192f1d47f0a41cd6,64385532c0c0c01567e19073,Thu Apr 13 2023 19:17:06 GMT+0000 (Coordinated Universal Time),Tue May 23 2023 19:52:02 GMT+0000 (Coordinated Universal Time),Tue May 23 2023 20:05:39 GMT+0000 (Coordinated Universal Time),"<p id="""">Callum Hay gives a quick talk about his brewery Halo and our Causal Islands collab beer, Softmax.</p><p id="""">‍</p><p id="""">Designed to embody its name, Softmax is a soft, full, and juicy pale ale, created in collaboration with the Causal Islands future of computing conference. Pouring a hazy brilliant yellow-orange hue with soft white lacing foam, it exhibits flavours and aromas of orange, strawberry, mango, and gooseberry.<br>‍</p><p id="""">Check more details at their website:<br><a href=""https://halobrewery.com/beer/softmax"" target=""_blank"">https://halobrewery.com/beer/softmax</a></p><h4>Watch the full talk below:</h4><figure class=""w-richtext-figure-type-video w-richtext-align-fullwidth"" style=""padding-bottom:56.206088992974244%"" data-rt-type=""video"" data-rt-align=""fullwidth"" data-rt-max-width="""" data-rt-max-height=""56.206088992974244%"" data-rt-dimensions=""854:480"" data-page-url=""https://youtu.be/z330XGokt4M""><div><iframe allowfullscreen=""true"" frameborder=""0"" scrolling=""no"" src=""https://www.youtube.com/embed/z330XGokt4M"" title=""Softmax - Callum Hay""></iframe></div></figure>","Callum Hay gives a quick talk about his brewery Halo and our Causal Islands collab beer, Softmax.",,false,Talk,Tue Apr 25 2023 23:10:00 GMT+0000 (Coordinated Universal Time),Tue Apr 25 2023 23:20:00 GMT+0000 (Coordinated Universal Time),callum-hay,25th,
The Creation Myths of Computing,the-creation-myths-of-computing,63d1cb65192f1d47f0a41cd6,64110fd7c03d0b9365efeafa,Wed Mar 15 2023 00:22:47 GMT+0000 (Coordinated Universal Time),Tue May 23 2023 19:55:48 GMT+0000 (Coordinated Universal Time),Tue May 23 2023 20:05:39 GMT+0000 (Coordinated Universal Time),"<p id="""">Computing is an act of worldmaking. We craft systems and tools, authoring new worlds. The construction of a program, in process and in output, is the architecting of an environment. How do we consider this shaping from a pluriversal standpoint, and what new worlds do our constructions invite? Computing is a way of thinking, shaped by and shaping our social imaginaries. We take special responsibility as stewards of imaginaries afforded by the tools we shape, where computing can be a powerful accelerant to immerse ourselves in alternative futures.</p><p id="""">Let’s carve out what comes into shaping the creation myths that underscore technologies: In examining our role as technologist-worlders, we see what we draw from processes of ecological systems, pluriversality, and dwelling—withdrawing from thinking about computation in an isolated lens, instead better inhabiting the environments we construct. To create a construction myth, we explore narrative, and authorship in the context of computation.</p><p>‍</p><h4>Watch the full talk below:</h4><figure class=""w-richtext-figure-type-video w-richtext-align-fullwidth"" style=""padding-bottom:56.206088992974244%"" data-rt-type=""video"" data-rt-align=""fullwidth"" data-rt-max-width="""" data-rt-max-height=""56.206088992974244%"" data-rt-dimensions=""854:480"" data-page-url=""https://youtu.be/XVGVsdEuPBs""><div><iframe allowfullscreen=""true"" frameborder=""0"" scrolling=""no"" src=""https://www.youtube.com/embed/XVGVsdEuPBs"" title=""The Creation Myths of Computing - Chia Amisola""></iframe></div></figure>","Computing is an act of worldmaking. Let’s carve out what comes into shaping the creation myths that underscore technologies: In examining our role as technologist-worlders, we see what we draw from processes of ecological systems, pluriversality, and dwelling—withdrawing from thinking about computation in an isolated lens, instead better inhabiting the environments we construct. To create a construction myth, we explore narrative, and authorship in the context of computation.",,true,Talk,Tue Apr 25 2023 21:30:00 GMT+0000 (Coordinated Universal Time),Tue Apr 25 2023 22:10:00 GMT+0000 (Coordinated Universal Time),chia-amisola,25th,https://discord.com/channels/1073278385750552596/1088914894717452309
The Expanding Dark Forest and Generative AI,the-expanding-dark-forest-and-generative-ai,63d1cb65192f1d47f0a41cd6,640096651e36e102c5966b14,Thu Mar 02 2023 12:28:21 GMT+0000 (Coordinated Universal Time),Tue May 23 2023 20:02:05 GMT+0000 (Coordinated Universal Time),Tue May 23 2023 20:05:39 GMT+0000 (Coordinated Universal Time),"<p id="""">The web is becoming an eerily lifeless place. Its public spaces are filled with a mix of bad faith actors and automated predators like bots, advertisers, clickbait attention-grabbers, and angry twitter mobs. Like a dark forest, all the living creatures are quietly hiding out of sight. Generative AI systems are about to make this situation worse. We now have tools that can churn out tens of thousands of words, images, and videos in seconds.</p><p id="""">‍</p><p id="""">The volume of mundane, low-quality, and uninspired content published to the web is about to explode. How will we find original insights under this pile of cruft? How will we figure out which authors are flesh-and-blood humans we can form emotional and intellectual relationships with? And does it even matter if something was made by an AI instead of a human?</p><p>‍</p><h4>Watch the full talk below:</h4><figure class=""w-richtext-figure-type-video w-richtext-align-fullwidth"" style=""padding-bottom:56.206088992974244%"" data-rt-type=""video"" data-rt-align=""fullwidth"" data-rt-max-width="""" data-rt-max-height=""56.206088992974244%"" data-rt-dimensions=""854:480"" data-page-url=""https://youtu.be/VXkDaDDJjoA""><div><iframe allowfullscreen=""true"" frameborder=""0"" scrolling=""no"" src=""https://www.youtube.com/embed/VXkDaDDJjoA"" title=""The Expanding Dark Forest and Generative AI - Maggie Appleton""></iframe></div></figure>","The web is becoming an eerily lifeless place. Its public spaces are filled with a mix of bad faith actors and automated predators like bots, advertisers, clickbait attention-grabbers, and angry twitter mobs. Like a dark forest, all the living creatures are quietly hiding out of sight. Generative AI systems are about to make this situation worse. We now have tools that can churn out tens of thousands of words, images, and videos in seconds.‍The volume of mundane, low-quality, and uninspired content published to the web is about to explode. How will we find original insights under this pile of cruft? How will we figure out which authors are flesh-and-blood humans we can form emotional and intellectual relationships with? And does it even matter if something was made by an AI instead of a human?",,true,Talk,Thu Apr 27 2023 23:30:00 GMT+0000 (Coordinated Universal Time),Thu Apr 27 2023 00:30:00 GMT+0000 (Coordinated Universal Time),maggie-appleton,27th,https://discord.com/channels/1073278385750552596/1089970719418482788
The Hardest Problem in Computer Science: Marketing,the-hardest-problem-in-computer-science-marketing,63d1cb65192f1d47f0a41cd6,6400976394856a3411846d1c,Thu Mar 02 2023 12:32:35 GMT+0000 (Coordinated Universal Time),Tue May 23 2023 19:58:24 GMT+0000 (Coordinated Universal Time),Tue May 23 2023 20:05:39 GMT+0000 (Coordinated Universal Time),"<p id="""">How different is being a researcher, with a novel idea you want to introduce to the world, to being an entrepreneur, with a novel idea you want to introduce to the world? How have the great ideas in Computer Science spread throughout history, and how does that compare to how the most successful companies and products have been built and sold? If ""marketing"" is a dirty word amongst software engineers, who prefer to consider themselves pure problem solvers, what is the Academic view on the same issue? This talk will examine these questions from the perspective of a software marketing professional with a penchant for amateur Computer Science -- in other words, a perspective you might not be used to.</p><p>‍</p><h4>Watch the full talk below:</h4><figure class=""w-richtext-figure-type-video w-richtext-align-fullwidth"" style=""padding-bottom:56.206088992974244%"" data-rt-type=""video"" data-rt-align=""fullwidth"" data-rt-max-width="""" data-rt-max-height=""56.206088992974244%"" data-rt-dimensions=""854:480"" data-page-url=""https://youtu.be/rMnpqGntrxI""><div><iframe allowfullscreen=""true"" frameborder=""0"" scrolling=""no"" src=""https://www.youtube.com/embed/rMnpqGntrxI"" title=""The Hardest Problem in Computer Science: Marketing - Michael Bernstein""></iframe></div></figure>","How different is being a researcher, with a novel idea you want to introduce to the world, to being an entrepreneur, with a novel idea you want to introduce to the world? How have the great ideas in Computer Science spread throughout history, and how does that compare to how the most successful companies and products have been built and sold? If ""marketing"" is a dirty word amongst software engineers, who prefer to consider themselves pure problem solvers, what is the Academic view on the same issue? This talk will examine these questions from the perspective of a software marketing professional with a penchant for amateur Computer Science -- in other words, a perspective you might not be used to.",,true,Talk,Wed Apr 26 2023 22:30:00 GMT+0000 (Coordinated Universal Time),Wed Apr 26 2023 23:30:00 GMT+0000 (Coordinated Universal Time),michael-r-bernstein,26th,https://discord.com/channels/1073278385750552596/1088925600242225192
The Many Stories of Algorithmic Improvisation,the-many-stories-of-algorithmic-improvisation-aka-artistic-live-coding,63d1cb65192f1d47f0a41cd6,641171f08eb162817be7c44b,Wed Mar 15 2023 07:21:20 GMT+0000 (Coordinated Universal Time),Tue May 23 2023 19:55:00 GMT+0000 (Coordinated Universal Time),Tue May 23 2023 20:05:39 GMT+0000 (Coordinated Universal Time),"<p id="""">In artistic live coding, algorithms with artistic outputs are written and rewritten, usually while being shared with an audience. For some decades, this improvisational practice has been explicitly cultivated by a global movement of artists, researchers, free and open source software hackers, and educators. This talk, punctuated by demonstrations/performances using multiple live coding languages, will explore how artistic live coding helps us to both attend to different histories of computation, and to tell different stories about what it could be.</p><p>‍</p><h4>Watch the full talk below:</h4><figure class=""w-richtext-figure-type-video w-richtext-align-fullwidth"" style=""padding-bottom:56.206088992974244%"" data-rt-type=""video"" data-rt-align=""fullwidth"" data-rt-max-width="""" data-rt-max-height=""56.206088992974244%"" data-rt-dimensions=""854:480"" data-page-url=""https://youtu.be/rnsNvlmXHTA""><div><iframe allowfullscreen=""true"" frameborder=""0"" scrolling=""no"" src=""https://www.youtube.com/embed/rnsNvlmXHTA"" title=""The Many Stories of Algorithmic Improvisation (AKA Artistic Live Coding) - David Ogborn""></iframe></div></figure>","This talk, punctuated by demonstrations/performances using multiple live coding languages, will explore how artistic live coding helps us to both attend to different histories of computation, and to tell different stories about what it could be.",,true,Talk,Wed Apr 26 2023 20:00:00 GMT+0000 (Coordinated Universal Time),Wed Apr 26 2023 21:00:00 GMT+0000 (Coordinated Universal Time),david-ogborn,26th,https://discord.com/channels/1073278385750552596/1088922259089006656
Towards Intelligent Application Security,towards-intelligent-application-security,63d1cb65192f1d47f0a41cd6,63f677ce04a71472b9a1b845,Wed Feb 22 2023 20:15:10 GMT+0000 (Coordinated Universal Time),Tue May 23 2023 20:05:26 GMT+0000 (Coordinated Universal Time),Tue May 23 2023 20:05:39 GMT+0000 (Coordinated Universal Time),"<p id="""">Over the past 20 years we have seen application security evolve from analysing application code through Static Application Security Testing (SAST) tools, to detecting vulnerabilities in running applications via Dynamic Application Security Testing (DAST) tools. The past 10 years have seen new flavours of tools to provide combinations of static and dynamic tools via Interactive Application Security Testing (IAST), examination of the components and libraries of the software called Software Composition Analysis (SCA), protection of web applications and APIs using signature-based Web Application Firewalls (WAF), and monitoring the application and blocking attacks through Runtime Application Self Protection (RASP) techniques.</p><p id="""">‍</p><p id="""">The past 10 years has also seen an increase in the uptake of the DevOps model that combines software development and operations to provide continuous delivery of high quality software. As security has become more important, the DevOps model has evolved to the DevSecOps model where software development, operations and security are all integrated. There has also been increasing usage of learning techniques, including machine learning, and program synthesis. Several tools have been developed that make use of machine learning to help developers make quality decisions about their code, tests, or runtime overhead their code produces. However, such techniques have not been applied to application security as yet.</p><p id="""">‍</p><p id="""">In this talk I discuss how to provide an automated approach to integrate security into all aspects of application development and operations, aided by learning techniques. This incorporates signals from the code operations and beyond, and automation, to provide actionable intelligence to developers, security analysts, operations staff, and autonomous systems. I will also consider how malware and threat intelligence can be incorporated into this model to support Intelligent Application Security in a rapidly evolving world.</p><p>‍</p><h4>Watch the full talk below:</h4><figure class=""w-richtext-figure-type-video w-richtext-align-fullwidth"" style=""padding-bottom:56.206088992974244%"" data-rt-type=""video"" data-rt-align=""fullwidth"" data-rt-max-width="""" data-rt-max-height=""56.206088992974244%"" data-rt-dimensions=""854:480"" data-page-url=""https://youtu.be/RjL5OtHYfYw""><div><iframe allowfullscreen=""true"" frameborder=""0"" scrolling=""no"" src=""https://www.youtube.com/embed/RjL5OtHYfYw"" title=""""></iframe></div></figure>","Over the past 20 years we have seen application security evolve from analysing application code through Static Application Security Testing (SAST) tools, to detecting vulnerabilities in running applications via Dynamic Application Security Testing (DAST) tools. As security has become more important, the DevOps model has evolved to the DevSecOps model where software development, operations and security are all integrated. In this talk I discuss how to provide an automated approach to integrate security into all aspects of application development and operations, aided by learning techniques.",,true,Talk,Thu Apr 27 2023 18:00:00 GMT+0000 (Coordinated Universal Time),Thu Apr 27 2023 19:00:00 GMT+0000 (Coordinated Universal Time),dr-cristina-cifuentes,27th,https://discord.com/channels/1073278385750552596/1089961353017573487
Unconference,unconference,63d1cb65192f1d47f0a41cd6,644043934780b9939d05f937,Wed Apr 19 2023 19:40:03 GMT+0000 (Coordinated Universal Time),Mon Apr 24 2023 23:03:54 GMT+0000 (Coordinated Universal Time),Mon Apr 24 2023 23:05:28 GMT+0000 (Coordinated Universal Time),"<p id="""">The Unconference schedule is to be announced.</p><p id="""">‍</p><p id="""">Keep an eye out for updates!</p>",,,false,Talk,Tue Apr 25 2023 20:30:00 GMT+0000 (Coordinated Universal Time),Tue Apr 25 2023 22:30:00 GMT+0000 (Coordinated Universal Time),,25th,
